{
  "train_loss": [
    1.5321908326553446,
    0.38170676767892603,
    0.18561781981261447,
    0.14252857346712386,
    0.10793711884302866,
    0.11519901853742698,
    0.11027363026481843,
    0.10681557330270672,
    0.10999591293721421,
    0.07852301071245539,
    0.06814973640833435,
    0.07699255892334356,
    0.06487208448905446,
    0.051289792483420193,
    0.04833266276592351,
    0.04658964421389359,
    0.05489154448289017,
    0.02629410160250018,
    0.08290082521037968,
    0.07117377589172391,
    0.039885745409222954,
    0.05596761033320848,
    0.11272667504778308,
    0.11130766489709902,
    0.026307840578660913,
    0.06345134055735505,
    0.05141636496612445,
    0.0302081066270782,
    0.05690674477370531,
    0.034765322943609976,
    0.03879244269594611,
    0.02550304739920901,
    0.02385267279507274,
    0.02979833800744992,
    0.028551485999650905,
    0.038655201349211306,
    0.05999725043686368,
    0.028695702282283086
  ],
  "val_loss": [
    0.3514831274649975,
    0.08749840612561259,
    0.05340573121496699,
    0.03736463382074912,
    0.06635031712423393,
    0.038560763806350984,
    0.08768441095719069,
    0.04230097227071189,
    0.004308306791192114,
    0.045904645799666056,
    0.02692289963310482,
    0.022036476640780837,
    0.034341109124642354,
    0.07060817415867696,
    0.07555488663298361,
    0.011688558381114843,
    0.0046898371819199605,
    0.00013602844194424057,
    0.02675158602952966,
    0.035198911767296615,
    0.08448256449281062,
    0.021659580642552027,
    0.02975884479684216,
    0.05277808351662254,
    0.050374199478434856,
    0.033306761693464776,
    0.04835542302892589,
    0.03172464754218657,
    0.03244539136891258,
    0.0354523703905185,
    0.028602305209759583,
    0.024116018611137612,
    0.05576190118453933,
    0.04240355240397153,
    0.06716494364963962,
    0.1366668575415673,
    0.04788756153970463,
    0.014995230588587993
  ],
  "train_acc": [
    0.4875,
    0.8785714285714286,
    0.9339285714285714,
    0.9544642857142858,
    0.9678571428571429,
    0.9642857142857143,
    0.9633928571428572,
    0.96875,
    0.9709821428571429,
    0.978125,
    0.9741071428571428,
    0.9754464285714286,
    0.9732142857142857,
    0.9821428571428571,
    0.9816964285714286,
    0.9816964285714286,
    0.98125,
    0.9888392857142857,
    0.9821428571428571,
    0.9799107142857143,
    0.9857142857142858,
    0.9861607142857143,
    0.9772321428571429,
    0.9745535714285715,
    0.990625,
    0.9799107142857143,
    0.984375,
    0.9897321428571428,
    0.9825892857142857,
    0.9857142857142858,
    0.9830357142857142,
    0.9901785714285715,
    0.9897321428571428,
    0.9883928571428572,
    0.9883928571428572,
    0.9883928571428572,
    0.9870535714285714,
    0.990625
  ],
  "val_acc": [
    0.9354838709677419,
    0.9798387096774194,
    0.9778225806451613,
    0.9899193548387096,
    0.9899193548387096,
    0.9939516129032258,
    0.9858870967741935,
    0.9959677419354839,
    0.9979838709677419,
    0.9939516129032258,
    0.9919354838709677,
    0.9919354838709677,
    0.9959677419354839,
    0.9858870967741935,
    0.9899193548387096,
    0.9979838709677419,
    0.9979838709677419,
    1.0,
    0.9959677419354839,
    0.9919354838709677,
    0.9879032258064516,
    0.9959677419354839,
    0.9939516129032258,
    0.9959677419354839,
    0.9959677419354839,
    0.9939516129032258,
    0.9959677419354839,
    0.9979838709677419,
    0.9979838709677419,
    0.9979838709677419,
    0.9979838709677419,
    0.9979838709677419,
    0.9939516129032258,
    0.9939516129032258,
    0.9959677419354839,
    0.9838709677419355,
    0.9939516129032258,
    0.9979838709677419
  ]
}